UPDATE `hotels` SET markup_settings = '{"id":75,"vat":12,"touristTax":15,"earlyCheckIn":[{"timePeriod":{"from":"05:00","to":"14:00"},"priceMarkup":50},{"timePeriod":{"from":"00:00","to":"05:00"},"priceMarkup":100}],"lateCheckOut":[{"timePeriod":{"from":"12:00","to":"18:00"},"priceMarkup":50},{"timePeriod":{"from":"18:00","to":"24:00"},"priceMarkup":100}],"cancelPeriods":[{"period":"2022-10-01T00:00:00+00:00\/P1D\/2023-12-31T00:00:00+00:00","noCheckInMarkup":{"percent":100,"cancelPeriodType":1},"dailyMarkups":[{"percent":100,"cancelPeriodType":1,"daysCount":2}]},{"period":"2023-12-31T21:00:00+00:00\/P1D\/2024-12-30T21:00:00+00:00","noCheckInMarkup":{"percent":100,"cancelPeriodType":1},"dailyMarkups":[{"percent":100,"cancelPeriodType":1,"daysCount":2}]}]}' WHERE id = 75;

INSERT INTO hotel_administrators (hotel_id, status, presentation, name, surname, patronymic, login, password, remember_token, email, phone) VALUES (75, 1, 'test20','test20','test20','test20','test20','$2y$10$AGAG.HXuzLOfVyct7mMDm.S99p6hbFg7gw3jTgEQhV9xWjfkEVGsy',null,'test202020@mail.ru', '595695');

UPDATE hotel_contracts SET status = 2 WHERE id = 744;
DELETE FROM hotel_seasons WHERE contract_id = 744;

INSERT INTO `hotel_contracts` (`id`, `hotel_id`, `status`, `date_start`, `date_end`, `created_at`, `updated_at`)
VALUES (9999, 75, 1, '2024-01-01', '2024-12-31', NULL, NULL);

INSERT INTO `hotel_seasons` (`id`, `contract_id`, `name`, `date_start`, `date_end`, `created_at`, `updated_at`)
VALUES (1915, 9999, 'HIGH', '2024-01-01', '2024-06-30', NULL, NULL),
       (1916, 9999, 'LOW', '2024-07-01', '2024-12-31', NULL, NULL);

INSERT INTO `hotel_price_rates` (`id`, `hotel_id`)
VALUES (521, 75);
INSERT INTO `hotel_price_rates_translation` (`translatable_id`, `language`, `name`, `description`)
VALUES (521, 'en', 'Without breakfast', 'Without breakfast'),
       (521, 'ru', 'Без завтрака', 'Без завтрака'),
       (521, 'uz', 'Nonushtasiz', 'Nonushtasiz');

INSERT INTO `hotel_price_groups` (`id`, `rate_id`, `guests_count`, `is_resident`)
VALUES (1, 251, 1, 1),
       (2, 251, 1, 0),
       (4, 251, 2, 0),
       (3, 251, 2, 1),
       (6, 251, 3, 0),
       (5, 251, 3, 1),
       (8, 317, 1, 0),
       (7, 317, 1, 1),
       (9, 317, 2, 1),
       (10, 317, 2, 0),
       (11, 521, 1, 1),
       (12, 521, 1, 0),
       (13, 521, 2, 1);

INSERT INTO `hotel_season_prices` (`id`, `season_id`, `group_id`, `room_id`, `price`)
VALUES (20, 1915, 7, 318, '500000.00'),
       (21, 1916, 7, 318, '400000.00'),
       (22, 1915, 8, 318, '700000.00'),
       (23, 1916, 8, 318, '500000.00'),
       (24, 1915, 11, 318, '1300000.00'),
       (25, 1915, 12, 318, '1500000.00'),
       (26, 1916, 11, 318, '1200000.00'),
       (27, 1916, 12, 318, '1400000.00'),
       (28, 1915, 7, 319, '500000.00'),
       (29, 1915, 9, 319, '700000.00'),
       (30, 1916, 7, 319, '1000000.00'),
       (31, 1916, 9, 319, '1300000.00'),
       (32, 1915, 8, 319, '900000.00'),
       (33, 1915, 10, 319, '1000000.00'),
       (34, 1916, 8, 319, '2000000.00'),
       (35, 1916, 10, 319, '2500000.00'),
       (36, 1915, 11, 319, '500000.00'),
       (37, 1915, 13, 319, '700000.00'),
       (38, 1916, 11, 319, '1000000.00'),
       (39, 1916, 13, 319, '1500000.00');

INSERT INTO `hotel_season_price_calendar` (`id`, `date`, `season_id`, `group_id`, `room_id`, `price`)
VALUES (3651, '2023-10-02', 1915, 11, 318, '600000.00'),
       (3652, '2023-10-03', 1915, 11, 318, '600000.00'),
       (3653, '2023-10-04', 1915, 11, 318, '600000.00'),
       (3654, '2023-10-05', 1915, 11, 318, '600000.00'),
       (3655, '2023-10-06', 1915, 11, 318, '600000.00'),
       (3656, '2023-10-09', 1915, 11, 318, '600000.00'),
       (3657, '2023-10-10', 1915, 11, 318, '600000.00'),
       (3658, '2023-10-11', 1915, 11, 318, '600000.00'),
       (3659, '2023-10-12', 1915, 11, 318, '600000.00'),
       (3660, '2023-10-13', 1915, 11, 318, '600000.00'),
       (3661, '2023-10-16', 1915, 11, 318, '600000.00'),
       (3662, '2023-10-17', 1915, 11, 318, '600000.00'),
       (3663, '2023-10-18', 1915, 11, 318, '600000.00'),
       (3664, '2023-10-19', 1915, 11, 318, '600000.00'),
       (3665, '2023-10-20', 1915, 11, 318, '600000.00'),
       (3666, '2023-10-23', 1915, 11, 318, '600000.00'),
       (3667, '2023-10-24', 1915, 11, 318, '600000.00'),
       (3668, '2023-10-25', 1915, 11, 318, '600000.00'),
       (3669, '2023-10-26', 1915, 11, 318, '600000.00'),
       (3670, '2023-10-27', 1915, 11, 318, '600000.00'),
       (3671, '2023-10-30', 1915, 11, 318, '600000.00'),
       (3672, '2023-10-31', 1915, 11, 318, '600000.00'),
       (3673, '2023-11-01', 1915, 11, 318, '600000.00'),
       (3674, '2023-11-02', 1915, 11, 318, '600000.00'),
       (3675, '2023-11-03', 1915, 11, 318, '600000.00'),
       (3676, '2023-11-06', 1915, 11, 318, '600000.00'),
       (3677, '2023-11-07', 1915, 11, 318, '600000.00'),
       (3678, '2023-11-08', 1915, 11, 318, '600000.00'),
       (3679, '2023-11-09', 1915, 11, 318, '600000.00'),
       (3680, '2023-11-10', 1915, 11, 318, '600000.00'),
       (3681, '2023-11-13', 1915, 11, 318, '600000.00'),
       (3682, '2023-11-14', 1915, 11, 318, '600000.00'),
       (3683, '2023-11-15', 1915, 11, 318, '600000.00'),
       (3684, '2023-11-16', 1915, 11, 318, '600000.00'),
       (3685, '2023-11-17', 1915, 11, 318, '600000.00'),
       (3686, '2023-11-20', 1915, 11, 318, '600000.00'),
       (3687, '2023-11-21', 1915, 11, 318, '600000.00'),
       (3688, '2023-11-22', 1915, 11, 318, '600000.00'),
       (3689, '2023-11-23', 1915, 11, 318, '600000.00'),
       (3690, '2023-11-24', 1915, 11, 318, '600000.00'),
       (3691, '2023-11-27', 1915, 11, 318, '600000.00'),
       (3692, '2023-11-28', 1915, 11, 318, '600000.00'),
       (3693, '2023-11-29', 1915, 11, 318, '600000.00'),
       (3694, '2023-11-30', 1915, 11, 318, '600000.00'),
       (3700, '2023-10-01', 1915, 11, 319, '400000.00'),
       (3701, '2023-10-07', 1915, 11, 319, '400000.00'),
       (3702, '2023-10-08', 1915, 11, 319, '400000.00'),
       (3703, '2023-10-14', 1915, 11, 319, '400000.00'),
       (3704, '2023-10-15', 1915, 11, 319, '400000.00'),
       (3705, '2023-10-21', 1915, 11, 319, '400000.00'),
       (3706, '2023-10-22', 1915, 11, 319, '400000.00'),
       (3707, '2023-10-28', 1915, 11, 319, '400000.00'),
       (3708, '2023-10-29', 1915, 11, 319, '400000.00'),
       (3709, '2023-11-04', 1915, 11, 319, '400000.00'),
       (3710, '2023-11-05', 1915, 11, 319, '400000.00'),
       (3711, '2023-11-11', 1915, 11, 319, '400000.00'),
       (3712, '2023-11-12', 1915, 11, 319, '400000.00'),
       (3713, '2023-11-18', 1915, 11, 319, '400000.00'),
       (3714, '2023-11-19', 1915, 11, 319, '400000.00'),
       (3715, '2023-11-25', 1915, 11, 319, '400000.00'),
       (3716, '2023-11-26', 1915, 11, 319, '400000.00'),
       (3717, '2023-10-01', 1915, 13, 319, '600000.00'),
       (3718, '2023-10-07', 1915, 13, 319, '600000.00'),
       (3719, '2023-10-08', 1915, 13, 319, '600000.00'),
       (3720, '2023-10-14', 1915, 13, 319, '600000.00'),
       (3721, '2023-10-15', 1915, 13, 319, '600000.00'),
       (3722, '2023-10-21', 1915, 13, 319, '600000.00'),
       (3723, '2023-10-22', 1915, 13, 319, '600000.00'),
       (3724, '2023-10-28', 1915, 13, 319, '600000.00'),
       (3725, '2023-10-29', 1915, 13, 319, '600000.00'),
       (3726, '2023-11-04', 1915, 13, 319, '600000.00'),
       (3727, '2023-11-05', 1915, 13, 319, '600000.00'),
       (3728, '2023-11-11', 1915, 13, 319, '600000.00'),
       (3729, '2023-11-12', 1915, 13, 319, '600000.00'),
       (3730, '2023-11-18', 1915, 13, 319, '600000.00'),
       (3731, '2023-11-19', 1915, 13, 319, '600000.00'),
       (3732, '2023-11-25', 1915, 13, 319, '600000.00'),
       (3733, '2023-11-26', 1915, 13, 319, '600000.00'),
       (3695, '2023-12-01', 1916, 11, 318, '1000000.00'),
       (3696, '2023-12-08', 1916, 11, 318, '1000000.00'),
       (3697, '2023-12-15', 1916, 11, 318, '1000000.00'),
       (3698, '2023-12-22', 1916, 11, 318, '1000000.00'),
       (3699, '2023-12-29', 1916, 11, 318, '1000000.00'),
       (3734, '2023-12-01', 1916, 11, 319, '750000.00'),
       (3735, '2023-12-08', 1916, 11, 319, '750000.00'),
       (3736, '2023-12-15', 1916, 11, 319, '750000.00'),
       (3737, '2023-12-22', 1916, 11, 319, '750000.00'),
       (3738, '2023-12-29', 1916, 11, 319, '750000.00');


#Traveline
INSERT INTO suppliers (id, name, currency) VALUES (556, 'Traveline', 'UZS');

INSERT INTO supplier_cities (city_id, supplier_id) VALUES (1, 556);

INSERT INTO hotels (id, supplier_id, city_id, type_id, currency, status, visibility, rating, name, zipcode, address, address_en, address_lat, address_lon, city_distance, markup_settings, time_settings, created_at, updated_at) VALUES (564,556,1,10,'UZS',2,2,3,'api_hotel',null,'Tashkent','Tashkent','41.2994958','69.2400734',0,'{"id":564,"vat":12,"touristTax":15,"earlyCheckIn":[{"timePeriod":{"from":"05:00","to":"14:00"},"priceMarkup":50},{"timePeriod":{"from":"00:00","to":"05:00"},"priceMarkup":100}],"lateCheckOut":[{"timePeriod":{"from":"12:00","to":"18:00"},"priceMarkup":50},{"timePeriod":{"from":"18:00","to":"24:00"},"priceMarkup":100}],"cancelPeriods":[{"period":"2022-10-01T00:00:00+00:00\/P1D\/2023-12-31T00:00:00+00:00","noCheckInMarkup":{"percent":100,"cancelPeriodType":1},"dailyMarkups":[{"percent":100,"cancelPeriodType":1,"daysCount":2}]},{"period":"2023-12-31T21:00:00+00:00\/P1D\/2024-12-30T21:00:00+00:00","noCheckInMarkup":{"percent":100,"cancelPeriodType":1},"dailyMarkups":[{"percent":100,"cancelPeriodType":1,"daysCount":2}]}]}',null,'2024-01-23 07:14:15','2024-01-23 07:15:37');

INSERT INTO `hotel_rooms` (id, hotel_id, type_id, rooms_number, guests_count) VALUES
    (2603,	564, 1,	50,	1),
    (2604,	564, 2,	30,	2);

INSERT INTO `hotel_rooms_translation` (`translatable_id`, `language`, `name`, `text`) VALUES
    (2603, 'en', 'Standard room Single use', NULL),
    (2603, 'ru', 'Стандартный одноместный', NULL),
    (2603, 'uz', 'Standard room Single use', NULL),
    (2604, 'en', 'Standard room Double use', NULL),
    (2604, 'ru', 'Стандартный двухместный', NULL),
    (2604, 'uz', 'Standard room Double use', NULL);

INSERT INTO hotel_contracts (id, hotel_id, status, date_start, date_end, created_at, updated_at) VALUES (10000, 564,1,'2024-01-01','2024-12-31','2024-01-23 07:15:25','2024-01-23 07:15:25');

INSERT INTO `hotel_seasons` (`id`, `contract_id`, `name`, `date_start`, `date_end`, `created_at`, `updated_at`) VALUES
                                                                                                                    (1917, 10000, 'LOW', '2024-01-01', '2024-05-31', NULL, NULL),
                                                                                                                    (1918, 10000, 'HIGH', '2024-06-01', '2024-12-31', NULL, NULL);

INSERT INTO r_hotel_meal_plans (id, type) VALUES (1, 1);
INSERT INTO r_hotel_meal_plans_translation (translatable_id, language, name) VALUES (1, 'ru', 'Без питания');

INSERT INTO hotel_price_rates (id, hotel_id, meal_plan_id) VALUES (522, 564, 1), (523, 564, 1);
INSERT INTO hotel_price_rates_translation (translatable_id, language, name, description) VALUES (522, 'ru', 'PROMO', ''), (523, 'ru', 'WEB', '');

INSERT INTO hotel_price_rate_rooms (rate_id, room_id) VALUES
    (522, 2603),
    (523, 2603),
    (522, 2604);

INSERT INTO `hotel_price_groups` (`id`, `rate_id`, `guests_count`, `is_resident`) VALUES
    (15, 522, 1, 0),
    (14, 522, 1, 1),
    (20, 522, 2, 0),
    (19, 522, 2, 1),
    (17, 523, 1, 0),
    (16, 523, 1, 1);

INSERT INTO `hotel_season_prices` (`id`, `season_id`, `group_id`, `room_id`, `price`) VALUES
    (40, 1917, 14, 2603, 500000.00),
    (41, 1917, 15, 2603, 1000000.00),
    (42, 1918, 14, 2603, 700000.00),
    (43, 1918, 15, 2603, 1500000.00),
    (44, 1917, 16, 2603, 350000.00),
    (45, 1917, 17, 2603, 750000.00),
    (46, 1918, 16, 2603, 900000.00),
    (47, 1918, 17, 2603, 1200000.00),
    (49, 1917, 14, 2604, 350000.00),
    (50, 1917, 19, 2604, 400000.00),
    (51, 1917, 15, 2604, 500000.00),
    (52, 1917, 20, 2604, 550000.00),
    (53, 1918, 14, 2604, 700000.00),
    (54, 1918, 19, 2604, 800000.00),
    (55, 1918, 15, 2604, 900000.00),
    (56, 1918, 20, 2604, 1000000.00);

INSERT INTO traveline_hotels (hotel_id, created_at) VALUES (564, '2024-01-23 07:15:25');
